id,question,answer,prediction,Qwen__Qwen3-32B,google__gemma-3-27b-it,meta-llama__Llama-3.3-70B-Instruct,majority_vote
1,Quel est le code ISIN mentionné dans le tableau ?,FR0010655761, FR0010655761,True,True,True,True
2,Quelle est l’affectation des sommes distribuables ?,Capitalisation et/ou distribution par décision de la Société de Gestion., Capitalisation et/ou distribution par décision de la Société de Gestion,True,True,True,True
3,En quelle devise le fonds est-il libellé ?,euro, euro,True,True,True,True
4,À quelle fréquence est calculée la valeur liquidative ?,Quotidienne, Quotidienne,True,True,True,True
5,Quelle est la valeur liquidative d’origine ?,"103,49 euros"," 103,45 euros",False,False,False,False
6,Quelle est la souscription initiale minimale sur le marché primaire ?,6800 parts, 600 euros,False,False,False,False
7,Quelle est la souscription ultérieure minimale sur le marché primaire ?,1 part, 600 euros,False,False,False,False
8,Quelle est la souscription initiale minimale sur le marché secondaire ?,1 part, 1 part(s),True,True,True,True
9,Quelle est la souscription ultérieure minimale sur le marché secondaire ?,1 part, 1 part(s),True,True,True,True
10,Quels sont les types de souscripteurs concernés ?,Tous souscripteurs, Tous souscripteurs,True,True,True,True
11,La souscription initiale minimale sur le marché primaire est-elle de 6800 parts ?,Oui, Oui,True,True,True,True
12,Le produit est-il ouvert à tous les souscripteurs ?,Oui, Oui,True,True,True,True
13,Quelle est la fréquence de calcul de la valeur liquidative ?,Quotidienne, Quotidienne,True,True,True,True
14,La valeur liquidative d’origine est-elle supérieure à 100 € ?,Oui, Oui,True,True,True,True
15,"La valeur liquidative d’origine est supérieure à 100 €, vrai ou faux ?",Oui, Vrai,True,True,True,True
16,L’affectation des sommes distribuables est-elle uniquement en capitalisation ?,Non, Oui,False,False,False,False
17,À quelle heure limite les ordres de souscription doivent-ils être centralisés ?,avant 17h00, 17h00,False,True,False,False
18,À quelle heure limite les ordres de rachat doivent-ils être centralisés ?,avant 17h00, 17h00,False,True,False,False
19,Quand l’exécution des ordres a-t-elle lieu ?,en J," En J, après la centralisation avant 17h00 des ordres de rachat.",True,True,False,True
20,Quand la valeur liquidative (VL) est-elle publiée ?,J+1 ouvré, J+1 ouvré,True,True,True,True
21,À quelle date les souscriptions sont-elles réglées ?,J+2 ouvrés, J+2 ouvrés,True,True,True,True
22,À quelle date les rachats sont-ils réglés ?,J+2 ouvrés, J+2 ouvrés,True,True,True,True
23,Quel est le taux de la commission de souscription non acquise au fonds sur le marché concerné ?,3 % par demande de souscription, 3% par demande de souscription,True,True,True,True
24,Quel est le taux de la commission de rachat non acquise au fonds ?,3 % par demande de rachat, 3% par demande de rachat,True,True,True,True
25,Quelle est l’assiette utilisée pour le calcul des commissions de souscription et de rachat ?,Valeur liquidative × Nombre de parts, Valeur liquidative X Nombre de parts,True,True,True,True
26,La commission de souscription non acquise au fonds est-elle de 3 % ?,Oui, Oui,True,True,True,True
27,Une commission de souscription acquise au fonds est-elle prélevée ?,Non," Non, la commission de souscription acquise au Fonds est néant.",True,True,True,True
28,La commission de rachat non acquise au fonds est-elle de 3 % ?,Oui, Oui,True,True,True,True
29,Une commission de rachat acquise au fonds est-elle appliquée ?,Non," Non, la commission de rachat acquise au Fonds est néant.",True,True,True,True
30,La base de calcul des commissions est-elle : Valeur liquidative × Nombre de parts ?,Oui, Oui,True,True,True,True
31,Quel est le montant maximal des frais d’entrée ?,"5,00 %"," 5,00 % maximum",True,True,True,True
32,Quel pourcentage des frais d’entrée est acquis à l’OPCI ?,"3,50 %"," 3,50 %",True,True,True,True
33,Y a-t-il des frais de sortie pour cette catégorie d’actions ?,Non," Non, il n'y a pas de frais de sortie pour cette catégorie d’actions.",True,True,True,True
34,À quoi servent les frais d’entrée acquis à l’OPCI ?,couvrir les frais  et taxes relatifs à l’acquisition ou à la cession d’actifs, Ils servent à couvrir les frais et taxes relatifs à l’acquisition ou à la cession d’actifs.,True,True,True,True
35,Y a-t-il des frais de sortie pour cet OPCI ?,Non," Non, il n'y a pas de frais de sortie pour cet OPCI.",True,True,True,True
36,Quel est le pourcentage des frais courants annuels ?,"2,190 % TTC de l’actif net"," 2,190 % T.T.C. de l'actif net",True,True,True,True
37,Que comprennent les frais courants ?,"frais de gestion et de fonctionnement
frais d’exploitation immobilière"," frais de gestion et de fonctionnement, frais d'exploitation immobilière",True,True,True,True
38,L’OPCI applique-t-il une commission de performance ?,Oui," Oui, l’OPCI applique une commission de performance de 20% (HT) du 24% TTC de la différence entre la Valeur liquidative coupon réinvesti au 31/12/N et la valeur liquidative au 31/12/N-1,",True,True,True,True
39,Vrai / Faux : Les frais d’exploitation immobilière font partie des frais courants.,Vrai, Vrai,True,True,True,True
40,Vrai / Faux : Le total des frais courants dépasse 3 % de l’actif net.,Faux, Faux,True,True,True,True
41,Vrai / Faux : La commission de performance est systématiquement prélevée chaque année.,Faux, Faux,True,True,True,True
42,Est-ce que les frais peuvent varier d’une année sur l’autre ?,Oui," Oui, les frais peuvent varier d’une année sur l’autre, notamment en raison de la commission de performance qui dépend de la différence entre la valeur liquidative du coupon et la valeur liquidative du fonds, et qui est soumise à des conditions de déclenchement spécifiées dans le",True,True,True,True
43,Quels sont les frais courants annuels prélevés par l’OPCI ?," 2,190 % TTC de l’actif net","  
- Frais de gestion et de fonctionnement : 2,190 % TTC de l’actif net  
- Frais d’exploitation immobilière : 1,606 % TTC de l’actif net + 0,584 % TTC de l’act",False,False,False,False
44,Comment se décomposent les frais courants ?,"frais de gestion de fonctionnement        1,606 % TTC de l’actif net ; frais d’exploitation immobilière        0,584 % TTC de l’actif net"," Les frais courants se décomposent en :  
- frais de gestion et de fonctionnement : 2,190 % TTC de l’actif net  
- frais d’exploitation immobilière : 1,606 % TTC de l’actif net + 0,",False,False,False,False
45,L’OPCI applique-t-il une commission de performance ?,Oui," Oui, l’OPCI applique une commission de performance de 20% (HT) du 24% TTC de la différence entre la Valeur liquidative coupon réinvesti au 31/12/N et la valeur liquidative au 31/12/N-1,",True,True,True,True
46,Le montant des frais courants peut-il varier ?,Oui," Non, les frais courants sont fixes et ne varient pas.",False,False,False,False
47,Quel est le niveau de risque présenté dans ce tableau ?,6, 6,True,True,True,True
48,Y a-t-d'autres informations que le niveau de risque dans ce tableau ? ,Non," Non, seul le niveau de risque est indiqué.",True,True,True,True
49,Quels sont les frais d’entrée maximum applicables dans ce tableau?,2 % maximum, 2% maximum,True,True,True,True
50,Y a-t-il des frais de sortie ?,Non, Non,True,True,True,True
51,À combien s'élèvent les frais courants annuels prélevés par le FCPE ?,"1,87 % de l'actif net moyen"," 1,87% de l'actif net moyen",True,True,True,True
52,Le FCPE applique-t-il une commission de performance ?,Non, Non,True,True,True,True
53,Combien de catégories de parts le Fonds propose-t-il ?,6, 5,False,False,False,False
54,"Quelle est la valeur initiale des parts F, E et P ?",10 EUR, 10 EUR,True,True,True,True
55,Quelle part est spécifiquement liée aux réseaux du groupe Crédit Agricole ?,part PER CA, Part PER CA,True,True,True,True
56,Quelle est la nature de l’affectation du résultat pour toutes les parts ?,Capitalisation, Capitalisation,True,True,True,True
57,Quel est le code ISIN de Part PER CA ?,FR0014001B81, FR0014001B81,True,True,True,True
58,Quel est le code ISIN de Part ASSUREUR ?,FR0014001B99, FR0014001B99,True,True,True,True
59,Toutes les catégories de parts disposent-elles d’un code AMF ?,Oui, Oui,True,True,True,True
60,Quelle est la valeur initiale de la part E ?,10 EUR, 10 EUR,True,True,True,True
61,Existe-t-il dans ce tableau des parts avec une affectation du résultat en distribution ?,Non, Non,True,True,True,True
62,Vrai ou Faux ? Les parts E et F ont un Code AMF mais pas de Code ISIN.,Vrai, Vrai,True,True,True,True
63,Y a-t-il une commission de souscription ou de rachat appliquée ?,Non," Non, il n'y a ni commission de souscription ni commission de rachat appliquée.",True,True,True,True
64,Quel est le taux maximum des frais de gestion pour la part E ?,"1,10 % TTC"," 1,10 % TTC maximum",True,True,True,True
65,Sur quelle assiette sont prélevés les frais de gestion de la part E ?,Actif net, Actif net,True,True,True,True
66,Qui prend en charge les frais de gestion pour la part E ?,Entreprise, Entreprise,True,True,True,True
67,Quel est le taux maximum des frais de gestion pour la part F ?,"1,00 % TTC"," 1,00 % TTC maximum",True,True,True,True
68,Sur quelle base sont calculés les frais de la part F ?,Actif net, Actif net,True,True,True,True
69,À combien s’élèvent les frais de gestion maximum pour la part PER ?,"0,10 % TTC maximum"," 0,10 % TTC maximum",True,True,True,True
70,Qui supporte les frais de gestion de la part PER ?,Fonds, Fonds,True,True,True,True
71,Les frais de la part PER CA sont-ils à la charge de l’entreprise ou du Fonds ?,Fonds, Fonds,True,True,True,True
72,Qui prend en charge les frais liés à la part ASSUREUR ?,Fonds, Fonds,True,True,True,True
73,"Vrai ou Faux ? Les frais de gestion maximum pour AMUNDI ACTIONS INTERNATIONALES ESR - PER s’élèvent à 1,10 % TTC.",Faux, Faux,True,True,True,True
74,Vrai ou Faux ? Les frais liés à ESR - PER CA sont pris en charge par l’entreprise.,Faux, Faux,True,True,True,True
75,Quels sont les frais de gestion financière appliqués à la Part C ?,"0,40 % TTC maximum", 0 % TTC maximum,False,False,False,False
76,Quel est le taux maximum des frais indirects (commissions et frais de gestion) ?,"1,50 % TTC l'an maximum"," 1,50 % TTC par mois",False,False,False,False
77,Quel est le montant de la commission de mouvement qui peut être prélevées par le dépositaire ?,montant forfaitaire de 0 à 450 euros TTC selon la place, Montant forfaitaire de 0 à 450 euros TTC selon la place,True,True,True,True
78,Une commission de surperformance est-elle appliquée à la Part RETRAITE-C ?,Oui," Oui, une commission de surperformance de 20,00 % annuel de la performance au-delà de celle de l’actif de référence est appliquée à la Part RETRAITE-C.",True,True,True,True
79,Quel est le montant que vous pourriez obtenir après déduction des coûts si vous sortez après un an dans un scénario Favorable ?,11340 USD, 11.340 USD,False,True,True,True
80,Quel montant pourriez-vous obtenir après déduction des coûts si vous sortez après un an dans un scénario défavorable ?,8070 USD, 8.070 USD,True,True,True,True
81,"Quel montant pourriez-vous obtenir si vous avez investi pendant 5 ans ou plus dans un scénario Intermédiaire, après déduction des coûts ?",10840 USD, 10.840 USD,False,True,True,True
82,Quelle est la période de détention recommandée ?,3 ans, 3 ans,True,True,True,True
83,Existe t-il un rendement minimal garanti si l'investisseur sort avant 3 ans ?,Non," Non, il n’existe aucun rendement minimal garanti si vous sortez avant 3 ans.",True,True,True,True
84,Quel est le montant de l'investissement sur lequel se base le scénario de performance ?,10000 USD, 10.000 USD,True,True,True,True
85,Dans quelle monnaie les scénarios de performance ont ils présentés ?,USD, USD,True,True,True,True
86,Quels sont les coûts totaux associés à l'investissement si le produit est détenu pendant 1 an ?,170, $170,True,True,True,True
87,Quels sont les coûts totaux associés à l'investissement si le produit est détenu pendant 5 an ?,1340," $1,340",True,True,True,True
88,Quelle est la période de détention recommandée ?,5 ans, 5 ans,True,True,True,True
89,Quel est le coût réel du produit en termes de rendement perdu chaque année sur cinq ans en pourcentage?,"1,9%"," 1,9% chaque année",True,True,True,True
90,Quel est le pourcentage des frais d’entrée prélevé sur l’investissement ?,"0,0 %"," 0,0%",True,True,True,True
91,Le fonds peut-il imposer une commission de rachat à l’avenir ?,Oui," Oui, le fonds peut, à la discrétion des Administrateurs, imposer une commission de rachat pouvant atteindre 3 % du produit du rachat.",True,True,True,True
92,Quel est le montant maximum que le fonds pourrait facturer au titre d’une commission de rachat ?,pouvant atteindre 3 % du produit du rachat, 3 % du produit du rachat,True,True,True,True
93,Quel est le coût lié à l’achat et à la vente des investissements dans le portefeuille ?,"0,0 %"," 0,0%",True,True,True,True
94,Quels sont les autres frais récurrents facturés par le fonds ?,coûts de gestion, L'impact des coûts de gestion du Fonds chaque année.,False,True,True,True
95,"Que couvrent les frais courants indiqués à 1,7 % ?",Ils couvrent principalement les coûts de gestion du fonds., L'impact des coûts de gestion du Fonds chaque année.,False,True,True,True
96,À combien s’élèvent les autres frais récurrents facturés par le fonds ?,"1,7 %"," 1,7%",True,True,True,True
97,"Quels types d'actions sont disponibles pour le compartiment ""La Française Actions Euro Capital Humain"" ?",action F ; action R  ; action D ; action I," action F, action R, action D, action I",True,True,True,True
98,Quel est le code ISIN de l’action F ?,FR0012553584, FR0012053564,False,False,False,False
99,"Quelle est la valeur liquidative d’origine pour toutes les actions, sauf l’action I",100 EUR, 100 EUR,True,True,True,True
100,Quelle est la valeur liquidative d’origine de l’action I ?,"79,11 EUR"," 79,11 EUR",True,True,True,True
101,Quelle est la devise de libellé de ce compartiment ?,EUR, EUR,True,True,True,True
102,Comment sont affectés les revenus pour l'action D?,Distribution, Distribution et/ou report,False,False,False,False
103,Comment sont affectés les revenus pour l'action I?,Capitalisation, Capitalisation,True,True,True,True
104,Quelle est la politique d’affectation des plus-values pour le type d'action R ?,Capitalisation, Capitalisation,True,True,True,True
105,Qui peut souscrire aux types d'actions R et D?,Tous souscripteurs, Tous souscripteurs,True,True,True,True
106,"Qui peut souscrire à l’action F du compartiment ""La Française Actions Euro Capital Humain"" ?",réservée aux fonds gérés par les sociétés du Groupe la Française, Réservée aux fonds gérés par les sociétés du Groupe La Française,True,True,True,True
107,L’action F est-elle réservée à tous les souscripteurs ?,Non, Non,True,True,True,True
108,La valeur liquidative d’origine de l’action F est-elle de 100 EUR ?,Oui, Oui,True,True,True,True
109,L’action F est-elle libellée en devise EUR ?,Oui, Oui,True,True,True,True
110,Le montant minimum de souscription initiale pour l’action F est-il de 10 actions ?,Non, Oui,False,False,False,False
111,L’affectation des revenus de l’action F peut-elle inclure une distribution ?,Oui, Non,False,False,False,False
112,Vrai ou Faux : L’action F peut être souscrite par des investisseurs institutionnels externes au Groupe La Française.,Faux, Faux,True,True,True,True
113,"Vrai ou Faux : L’affectation des plus-values de l’action F peut être faite par capitalisation, distribution ou report.",Vrai, Vrai,True,True,True,True
114,Vrai ou Faux : La devise de libellé de l’action F est le dollar américain.,Faux, Faux,True,True,True,True
115,Vrai ou Faux : Le montant minimum de souscription pour l’action F est de 1 action.,Vrai, Vrai,True,True,True,True
116,Vrai ou Faux : L’affectation des revenus pour l’action F est strictement en capitalisation.,Faux, Faux,True,True,True,True
117,Quel est le code ISIN de la classe d'actions R C EUR ?,FR0013439817, FR0013439817,True,True,True,True
118,Quel est le montant minimum de souscription initiale pour la part R C EUR ?,Aucun, 100 EUR,False,False,False,False
119,La classe d’actions R C EUR est-elle destinée à tous les souscripteurs ?,Oui, Oui,True,True,True,True
120,Comment sont traités les revenus et les plus-values de la classe d’actions R C EUR ?,Capitalisation, Les revenus et les plus-values de la classe d’actions R C EUR sont traités par **capitalisation**.,True,True,True,True
121,En quelle devise est libellée la classe d’actions R C EUR ?,EUR, EUR,True,True,True,True
122,Quel est le code ISIN de la classe d’actions T D USD H ?,FR0013439924, FR0013439516,False,False,False,False
123,À qui s’adresse la classe d’actions T D USD H en termes de souscripteurs ?,Tous souscripteurs sans rétrocession aux distributeurs., Tous souscripteurs sans rétrocession aux distributeurs,True,True,True,True
124,Quelle classe d'actions nécessite une souscription minimale de 10 000 000 EUR ?,part S, action S EUR,False,True,True,True
125,Quelle est la politique de couverture de la classe d’actions I C USD H ?,"Les actions ""H"" couverte contre la devise de référence du compartiment peuvent être sur ou sous-couvertes durant certaines périodes", La couverture est systématique contre le risque de change de la devise de référence du fonds.,False,False,False,False
126,À qui est exclusivement réservée la classe d’actions S ?,Réservée à la Caisse Fédérale du Crédit Mutuel Nord Europe et aux sociétés du Groupe la Française, Réservée à la Caisse Fédérale du Crédit Mutuel Nord Europe et aux sociétés du Groupe La Française,True,True,True,True
127,La classe d’actions T C EUR est-elle éligible à la distribution de revenus ?,Non, Non,True,True,True,True
128,Quelles sont les heures limites pour centraliser les ordres de souscription et de rachat ?,avant 11h00, 11h00,True,True,False,True
129,Quand les règlements des souscriptions et des rachats sont-ils effectués ?,J+2 jours ouvrés, J+2 jours ouvrés,True,True,True,True
130,Quand la valeur liquidative est-elle publiée ?,J+1 jour ouvré, J+1 jour ouvré,True,True,True,True
131,Les actions peuvent-elles être fractionnées ?,Oui," Oui, chaque action peut être divisée en cent millièmes.",True,True,True,True
132,Quelle est la fourchette de sensibilité aux taux d’intérêt du fonds ?,de 9 à 0," de 9 à 0, décroissante au temps",True,True,False,True
133,Quels sont les pays d’origine des émetteurs publics des titres dans lesquels le fonds est exposé ?,Emetteurs publics OCDE et hors OCDE (y compris les pays émergents) , Pays de l'OCDE,False,False,False,False
134,Quels sont les pays d’origine des émetteurs privés hors OCDE des titres dans lesquels le fonds est exposé ?,Emetteurs privés hors OCDE (y compris les pays émergents)," Les émetteurs privés hors OCDE des titres dans lesquels le fonds est exposé proviennent de pays non membres de l'OCDE, avec une exposition de 0 à 50%.",False,True,False,False
135,Quelles sont les devises autorisées pour les investissements ?,EUR/ USD/ GBP/ NOK/ CHF/ SEK/ CAD/ DKK, EUR/USD/GBP/NOK/CHF/SEK/CAD/DKK,True,True,True,True
136,Le fonds est-il exposé au risque de change ?,Oui," Oui, le fonds est exposé au risque de change, avec un niveau de couverture résiduel de 40 à 100 % sur les positions en devises.",True,True,True,True
137,Comment le risque de change est-il géré ?,couverture imparfaite des positions en devises., Résiduel dû à une couverture imparfaite des positions en devises.,True,True,True,True
138,Quelle est la base de calcul des frais de gestion financière ?,Les frais de gestion financière sont calculés sur l’actif net, Actif net,True,True,True,True
139,Quels sont les taux maximum de frais de gestion appliqués aux catégories d'actions I et T ? ,"0,59 % TTC"," 0,59% TTC taux maximum",True,True,True,True
140,Existe-t-il des frais indirects maximum facturés à l’OPCVM ?,Non," Non, il n'y a pas de frais indirects maximum facturés à l’OPCVM.",True,True,True,True
141,Quels sont les taux de commissions de mouvement pour les Obligations convertibles et les Swaps ?,"Obligations convertibles : 0,05 % (avec un minimum de 100 €) ; waps : 0,010 %, (avec un minimum de 150 €, max. 600 €)","  
- Obligations convertibles : 0,05% (avec un minimum de 100€)  
- Swaps : 0,010% (avec un minimum de 150€ et un maximum de 600€)",True,True,True,True
142,Les commissions de mouvement s’appliquent-elles à chaque transaction ?,Oui," Oui, les commissions de mouvement s’appliquent à chaque transaction.",True,True,True,True
143,Quels sont les frais associés aux swaps à partir du 2 novembre 2021 ?,"0,010 %, (avec un minimum de 150 € et un maximum de 600 €)"," 0,010% (avec un minimum de 150€ et un maximum de 600€)",True,True,True,True
144,Quel est le taux de commission appliqué aux autres obligations après le 2 novembre 2021 ?,"0,035 % (avec un minimum de 100 €)"," 0,035% (avec un minimum de 100€)",True,True,True,True
145,Quels sont les frais appliqués aux opérations de change à terme après le 2 novembre 2021 ?,"0,010 % ( avec un minimum de 75 € et un maximum de 300 €)"," 0,010% (avec un minimum de 75€ et un maximum de 300€)",True,True,True,True
146,Quel montant est appliqué pour une transaction sur un OPC ?,15, 15€,True,True,True,True
147,Quels sont les frais forfaitaires appliqués pour les futures avant le 2 novembre 2021 ?,Futures : 6 €," 2,5€",False,False,False,False
148,Quel est l’objectif principal du fonds CONSTANCE BE AMERICA ?,Le FCP a pour objectif la recherche d’une surperformance par rapport à l’indice S&P 500 INDEX représentant l’évolution des marchés d’actions nord-américaines sur la durée de placement recommandée., Le FCP a pour objectif de rechercher une surperformance par rapport à l'indice S&P 500 INDEX représentant l'évolution des actions des sociétés américaines sur la durée de placement recommandée.,True,True,True,True
149,À quelle catégorie appartient ce FCP ?,Le FCP est classé « Actions internationales », Actions internationales,True,True,True,True
150,Quelle est le niveau d'exposition du portefeuille en actions nord-américaines ?,Le FCP est exposé à hauteur de 90 % minimum en actions d'émetteurs nord-américains., 90% à 100%,False,True,True,True
151,Quelle est la fourchette d'exposition en actions de sociétés domiciliées au Canada ?,de 0% à 25% maximum, de 0 % à 100 %,False,False,False,False
152,Quelle est la durée minimum de placement recommandée ?,Supérieure à 10 ans, Supérieure à 10 ans.,True,True,True,True
153,quel moment les ordres de souscription et de rachat sont-ils centralisés ?,Chaque jour ouvré avant 17 heures (J-1).," Les ordres de souscription et de rachat sont centralisés avant 17 heures, chaque jour ouvré (J-1), à l'exception des jours fériés légaux en France et des jours de fermeture des marchés nord-américains (États-Unis",False,False,False,False
154,Le fonds peut-il être exposé au risque de change hors USD ?,Oui," Oui, le fonds peut être exposé au risque de change hors USD, car il est indiqué que ""le FCP est géré en Change hors US dollar"" et qu'il peut être exposé à des risques de change liés à des actifs en devises autres que le dollar américain",True,True,True,True
155,Qui est la société de gestion du fonds CONSTANCE BE AMERICA ?,Ce FCP est géré par Constance Associés, A/USO,False,False,False,False
156,Quel est le code ISIN du fonds CONSTANCE BE AMERICA - Part A/USD ?,FR0011271576, FR0011271576,True,True,True,True
157,Vrai ou Faux : Le fonds peut être entièrement exposé au risque de change hors dollar américain.,Vrai, Vrai,True,True,True,True
158,Y a-t-il des frais d'entrée ou de sortie pour ce fonds ?,Non," Non, il n'y a ni frais d'entrée ni frais de sortie.",True,True,True,True
159,Quel est le montant des frais courants prélevés par le fonds sur une année ?,"2,44% TTC"," 2,44% TTC",True,True,True,True
160,Le fonds applique-t-il une commission de surperformance ?,Non, Non,True,True,True,True
161,Vrai ou Faux : Le fonds facture une commission de surperformance en cas de rendement élevé.,Faux, Faux,True,True,True,True
162,Quelle est la catégorie de risque attribuée à ce fonds dans le tableau ?,6, 6,True,True,True,True
163,Que signifie une notation de 6 sur l’échelle de risque ?,"Cela indique un niveau de risque élevé, mais aussi un potentiel de rendement plus élevé. "," Risque plus élevé, rendements habituellement plus élevés.",True,True,True,True
164,Quels sont les frais d'entrée si des actions en bourse ?,"1,00 %", 2.00 %*,False,False,False,False
165,Quel est le pourcentage maximum des frais d’entrée ?,"2,00 % maximum", 2.00 %,True,True,True,True
166,À combien s’élèvent les frais courants prélevés chaque année sur le Fonds ?,"0,20 % par an", 0.20 %,True,True,True,True
167,Quel est le montant des frais d’entrée si les actions sont négociées en bourse ?,0 %, 2.00 %,False,False,False,False
168,Vrai ou Faux : Les frais d’entrée peuvent atteindre 2 %.,Vrai, Vrai,True,True,True,True
169,Vrai ou Faux : Les frais courants du Fonds sont de 1 %.,Faux, Faux,True,True,True,True
170,Vrai ou Faux : Une commission de performance est prélevée par le Fonds.,Faux, Faux,True,True,True,True
171,Vrai ou Faux : Les frais de sortie peuvent atteindre 1 %.,Vrai, Vrai,True,True,True,True
172,"Vrai ou Faux : Les frais d’entrée sont toujours appliqués, même en cas de négociation en bourse.",Faux, Faux,True,True,True,True
173,Oui ou Non : Les frais courants sont facturés chaque année.,Oui, Oui,True,True,True,True
174,Oui ou Non : Des frais d’entrée sont appliqués si les actions sont négociées en bourse.,Non, Non,True,True,True,True
175,Oui ou Non : Les frais de sortie peuvent être de 0 % dans certains cas.,Oui, Oui,True,True,True,True
176,Quel est le montant maximum des frais d’entrée ?,"2,00 %", 2.00%,True,True,True,True
177,Des frais sont-ils prélevés à la sortie ?,Oui," Oui, des frais de sortie de 1.00% sont prélevés.",False,True,True,True
178,À combien s’élèvent les frais courants ?,"2,39 % par an", 2.39%,True,True,True,True
179,Une commission de performance est-elle applicable ?,Oui," Oui, une commission de performance est applicable. Elle s'élève à 20% au-delà de l'indice de référence SBF 120 si la performance est positive, et à 0,00% au titre de la dernière période de référence.",True,True,True,True
180,Y a-t-il eu des commissions de performance sur la dernière période de référence ?,Non, Non,True,True,True,True
181,Quel est le nom de la classe d’actions décrite dans ce tableau ?,Action A, ACTION A,True,True,True,True
182,Quel est l’indice de référence utilisé pour évaluer la performance du fonds PLUVALCA ALLCAPS – Action A ?,SBF 120, SBF 120,True,True,True,True
183,À quoi sert l’indice de référence dans le calcul de la commission de performance ?,Il sert de base de comparaison : une commission de performance de 20 % est prélevée uniquement si la performance du fonds dépasse celle du SBF 120 et qu’elle est positive.," L'indice de référence SBF 120 sert de référence pour déterminer si la performance est positive, ce qui conditionne le paiement de la commission de performance.",True,True,True,True
184,Quel est le montant des frais d’entrée pour cet OPCVM ?,"2,5 % maximum"," 2,5 %",True,True,True,True
185,Des frais de sortie sont-ils appliqués ?,Non," Non, les frais de sortie ne sont pas appliqués.",True,True,True,True
186,Quel est le pourcentage des frais courants ?,"3,66 % TTC de l’actif net, basés sur l’exercice clos au 31/12/2018"," 11,96 %",False,False,False,False
187,Où peut-on trouver plus de détails sur les frais ?,Dans la section « Frais » du prospectus de l’OPCVM disponible sur le site www.ferrigestion.fr., www.fonsgestion.fr,False,False,False,False
188,Quel est le taux maximum des frais de gestion financière pour chaque type de part ?,"Part R : 2,20 % TTC ; Part F : 1,10 % TTC ; Part I : 0,90 % TTC ; Part M : 0,60 % TTC","  
- Part R : 2,20% TTC  
- Part F : 1,10% TTC  
- Part I : 0,90% TTC  
- Part M : 0,60% TTC",True,True,True,True
189,Quel est le taux maximum des frais de fonctionnement et autres services ?,"0,17 %"," 0,17% TTC",False,True,True,True
190,Quel est le montant maximum des commissions de mouvement allouées au dépositaire/conservateur ?,De 0 à 115 € TTC, 0 à 115 € TTC,True,True,True,True
191,Quel est le mode de calcul de la commission de surperformance ?,"15 % de la surperformance réalisée au-delà de l’indice EURO STOXX® Net Return EUR.

Cette commission est variable, contingente à une performance positive du fonds, et calculée indépendamment pour chaque classe de part."," Le calcul de la commission de surperformance correspond à des frais variables, et est contingente à la réalisation par le Fonds d'une performance positive sur l'exercice et supérieure à celle de son indice de référence sur la période d'observation. Le calcul de la commission de surperformance s'effect",False,True,True,True
192,A combien s'élèvent les commissions de mouvement allouées à la société de gestion ?,"De 0 % à 0,18 % TTC du brut de la négociation"," De 0 à 0,16% TTC du brut de la négociation",False,False,False,False
193,Quel est l’indice de référence utilisé pour calculer la commission de surperformance du fonds ?,EURO STOXX® Net Return EUR, EURO STOXX® Net Return EUR,True,True,True,True
194,En quelle année une commission de performance a-t-elle été prélevée ?,année 1 ; année 5, Année 1 et Année 5,True,True,True,True
195,"Pourquoi aucune commission de performance n’a été prélevée en année 2, alors que le Fonds a surperformé l’indice ?","Parce que la performance absolue du Fonds était négative (-4%).
La commission n’est prélevée que si la performance est à la fois supérieure à celle de l’indice ET positive."," Parce que la performance du Fonds est négative, bien qu’il ait surperformé l’indice de référence.",True,True,True,True
196,Une nouvelle période d'observation a t-elle été créé en Année 2 ?,Oui," Oui, une nouvelle période d'observation débute en année 2.",True,True,True,True
197,Une nouvelle période d'observation a t-elle été créé en Année 4 ?,Non, Non,True,True,True,True
198,Quel est le terme faisant référence à un fonds de comparaison théorique mentionné ici?,fonds fictif, Indice de référence,False,False,False,False
199,Qui sont les administrateurs du fonds ?,Ian Dyble ; Carl O’Sullivan ;  Peter Sandys ; Matteo Candolfini ; Jane Challice," Ian Dyble, Carl O'Sullivan, Peter Sandys, Matteo Candiofini, Jane Challice",False,True,False,False
200,Quelle est l’adresse du siège social de la société ?,"10 Earlsfort Terrace, Dublin 2, Irlande."," 10 Earlsfort Terrace, Dublin 2, Irlande",True,True,True,True
201,Où se trouve le dépositaire du fonds ?,"J.P. Morgan SE, Dublin Branch, 200 Capital Dock, 79 Sir John Rogerson’s Quay, Dublin 2, Irlande."," Dublin 2, Irlande",True,False,True,True
202,Quel est le nom de l’agent administratif ?,J.P. Morgan Administration Services (Ireland) Limited., J.P. Morgan Administration Services (Ireland) Limited,True,True,True,True
203,Qui sont les conseillers en investissement par délégation ?,Janus Henderson Investors US LLC (« JHIUS ») Intech Investment Management LLC (« Intech »), Janus Henderson Investors US LLC (« JHIUS ») et Intech Investment Management LLC (« Intech »),True,True,True,True
204,Quel cabinet fournit les services juridiques ?,Arthur Cox LLP, Arthur Cox LLP,True,True,True,True
205,Vrai ou Faux : L’agent de transfert est situé à Dublin.,Vrai, Vrai,True,True,True,True
206,Vrai ou Faux : Le dépositaire du fonds est situé à Londres.,Faux, Faux,True,True,True,True
207,Oui/Non : Janus Henderson Investors UK Limited est-il l’un des distributeurs du fonds ?,Oui, Oui,True,True,True,True
208,Le promoteur du fonds est-il le même que le conseiller en investissement ?,Oui, Non,False,False,False,False
209,Quel est le montant minimal pour une souscription initiale en Catégorie A en euros ?,2 500 EUR, 2.500 EUR,False,True,True,True
210,Peut-on effectuer une souscription ultérieure en Catégorie I ?,Non," Non, la souscription ultérieure minimale pour la Catégorie I est de 0,00 USD/EUR/GBP, ce qui signifie qu'aucune souscription ultérieure n'est permise.",True,True,True,True
211,Quel est le montant minimal requis pour la Catégorie Z en livres sterling (GBP) ?,15 000 000 GBP, 15 000 000 GBP,True,True,True,True
212,Quelle catégorie a le seuil le plus bas pour une souscription initiale ?,Y," A USD, A EUR, A GBP",False,False,False,False
213,Combien faut-il investir au minimum pour souscrire à la Catégorie G en USD ?,50 000 000 USD, 50 000 000 USD,True,True,True,True
214,Y a-t-il une différence entre les montants minimaux en USD et en EUR pour la Catégorie Z ?,Oui," Non, il n'y a pas de différence. Pour la Catégorie Z, le montant minimal de souscription initiale est de 20 000 000 USD ou 15 000 000 EUR, et le montant minimal de souscription ultérieure",False,False,False,False
215,Peut-on souscrire à la Catégorie A en GBP avec un montant initial de 2 500 GBP ?,Oui, Oui,True,True,True,True
216,La Catégorie G exige-t-elle un investissement initial supérieur à 10 000 000 EUR ?,Oui, Non,False,False,False,False
217,La Catégorie Y est-elle disponible en USD ?,Non, Oui,False,False,False,False
218,Peut-on investir dans la Catégorie Z en EUR avec un montant initial de 1 000 000 EUR ?,Non, Non,True,True,True,True
219,Vrai ou Faux : La Catégorie S en USD demande un investissement initial supérieur à celui de la Catégorie I.,Vrai, Vrai,True,True,True,True
220,Vrai ou Faux : Le montant minimum requis pour la Catégorie E est de 2 500 dans chaque devise.,Faux, Vrai,False,False,False,False
221,Quel est le dépositaire par délégation pour les actions « A » chinoises ?,JPMorgan Chase Bank (China) Company Limited, JPMorgan Chase Bank (China) Company Limited et HSBC Bank (China) Company Limited,False,False,False,False
222,"Pour les actions « B » chinoises, quelle est la banque dépositaire par délégation ?",HSBC Bank (China) Company Limited," HSBC Bank (China) Company Limited, 33/F, HSBC Building, Shanghai IFC, 8 Century Avenue, Pudong, Shanghai 200120, République populaire de Chine",True,True,True,True
223,Quelle banque remplit le rôle de correspondant espèces pour les actions « B » chinoises ?,"JPMorgan Chase Bank, N.A"," JPMorgan Chase Bank, N.A.",True,True,True,True
224,Quel établissement est le dépositaire pour le marché sud-africain ?,FirstRand Bank Limited, FirstRand Bank Limited,True,True,True,True
225,Quelle catégorie d’actions applique les frais les plus élevés en matière de charges et commissions ?,Catégorie B, Actions de Catégorie A,False,False,False,False
226,Quelles catégories d’actions n’appliquent aucune commission de souscription initiale ?,"Les catégories B, G, H "," Catégorie B, Catégorie G, Catégorie H",True,True,True,True
227,"Quelle est la seule catégorie à imposer une commission de services aux actionnaires de 1,25 % ?",catégorie E, Catégorie C,False,False,False,False
228,Quels types de commissions sont absentes dans toutes les catégories d’actions ?,commission de performance," Commission de souscription initiale, Commission de distribution, Commission de gestion d’investissement, Charges et commissions",False,False,False,False
229,Quelles catégories d’actions appliquent une commission de distribution?,Catégorie B," Catégorie B, Catégorie E, Catégorie G, Catégorie H",False,False,False,False
230,Combien de devises différentes sont utilisées pour libeller les catégories d’actions dans ce tableau ?,12, 10,False,False,False,False
231,Existe-t-il des actions libellées en devise locale asiatique dans ce tableau ?,Oui," Oui, il existe des actions libellées en devise locale asiatique dans ce tableau. Par exemple, la catégorie ""A3 HKD"" correspond à des actions libellées en Hong Kong Dollar (HKD), qui est une devise locale asiatique. De même, ""A3 SGD"" correspond au Sing",True,True,True,True
232,Quel est le titre de ce tableau ?,CATÉGORIES D’ACTIONS approuvées par la Banque Centrale à la date du présent Supplément, CATÉGORIES D' ACTIONS approuvées par la Banque Centrale à la date du présent Supplément,True,True,True,True
233,Y a-t-il des catégories d’actions libellées en Réal brésilien (BRL) ?,Oui, Oui,True,True,True,True
234,Quelle devise a le moins de catégories d’actions ?,Réal brésilien, Real brésilien (BRL),True,True,True,True
235,Ce produit financier prend-il en compte les principales incidences négatives sur les facteurs de durabilité ?,Oui," Oui, le produit financier prend en compte les principales incidences négatives sur les facteurs de durabilité, notamment par des filtres d’exclusion pour la violation du Pacte mondial et des directives de l’OCDE, ainsi que pour l’exposition aux armes controversées, et par un",True,True,True,True
236,Quelle méthode est utilisée pour gérer l’exposition aux armes controversées ?,Des filtres d’exclusion., Filtres d’exclusion,True,True,True,True
237,Comment le fonds prend-il en compte les violations du Pacte mondial et des directives de l'OCDE ?,Des filtres d’exclusion., Filtres d’exclusion,True,True,True,True
238,Quelles sont les trois incidences négatives liées aux émissions de gaz à effet de serre (GES) ?,Émissions de GES ; Empreinte carbone ; Intensité de GES des entreprises en portefeuille," Émissions de GES, Empreinte carbone, Intensité de GES des entreprise en portefeuille",True,True,True,True
239,Quelle est la méthode utilisée pour traiter les problèmes liés aux GES ?,Par un engagement avec les entreprises., Par un engagement avec les entreprises,True,True,True,True
240,Quel est le taux maximum des frais de gestion financière pour la Part C ?,"0,47 % maximum", 0.47 %,True,True,True,True
241,La Part I est-elle concernée par des frais administratifs externes ?,Non, Non,True,True,True,True
242,Des frais indirects TTC sont-ils applicables ?,Non, Non concerné,False,True,True,True
243,Des commissions de mouvement sont-elles prélevées ?,Non," Oui, des commissions de mouvement sont prélevées, sous forme de prélèvement sur chaque transaction.",False,False,False,False
244,Qui prend en charge les frais administratifs externes à la société de gestion ?,Société de gestion, La Société de Gestion.,True,True,True,True
245,Quelle décote est appliquée sur les garanties en espèces ?,Aucune, 0%,True,True,True,True
246,Quelle est la fourchette de décote pour les titres de créance émis par le secteur public ?,0%-4%, 0-4%,True,True,True,True
247,Les titres de créance du privés sont-ils plus décotés que ceux du secteur public ?,Oui, Oui,True,True,True,True
248,Quelle est la décote maximale appliquée aux actions ou parts d’OPC ?,0.08, 8%,True,True,True,True
249,Quelles sont les quatre grandes catégories d’actifs couvertes par la politique de décote ?,"Espèces ; Titres de créance d'émetteur du secteur public ; Titres de créance d'émetteur du secteur privé ; Actions, parts/actions d’OPC

"," Espèces, Titres de créance d’émetteur du secteur public, Titres de créance d’émetteur du secteur privé, Actions, parts/actions d’OPC",True,True,True,True
250,Quelle catégorie d’actifs présente la plus large plage de décote possible ?,"Actions, parts/actions d’OPC"," Actions, parts/actions d'OPC",True,True,True,True
251,Quelle catégorie d’actifs est considérée comme la plus sûre selon le tableau ?,Espèces, Espèces,True,True,True,True
252,Peut-on avoir une décote nulle sur des titres autres que les espèces ?,Oui, Non,False,False,False,False
253,Pourquoi aucune commission n’est due en Année 6 alors que le rendement est positif ?,la sous-performance passée n'a pas été compensée," Le rendement est positif, mais la performance du fonds est inférieure à la performance de référence, donc aucune commission n’est due.",True,False,False,False
254,Durant quelles années années le rendement a t-il été négatif ?,Année 4 ; Année 7," 2011, 2012, 2013, 2014, 2015, 2016, 2017, 2018, 2019, 2020",False,False,False,False
255,Quelle était la VNI en début de période de l'année 3 ?,"103,2"," 13,1",False,False,False,False
256,Combien de fois une commission de surperformance a-t-elle été facturée entre l’année 0 et l’année 10 ?,4, 10,False,False,False,False
257,Pendant combien d’années consécutives aucune commission n’a été facturée ?,5, 10,False,False,False,False
258,Combien de temps a-t-il fallu pour que la sous-performance accumulée soit complètement compensée après l’année 4 ?,5 ans, 6 ans,False,False,False,False
259,Quelles sont les commissions d’émission pour les classes Classique et R ?,"Max 2,5%"," Max 2,5% pour les classes Classique et R.",True,True,True,True
260,Quelle classe d’actions n’applique aucune commission de gestion de portefeuille ?,Z, Z,True,True,True,True
261,Combien de classes d’actions sont présentées ?,5, 5,True,True,True,True
262,La classe R applique-t-elle une commission de sortie ?,Non, Non,True,True,True,True
263,Sur quels indices de référence est basée la commission de surperformance ?,"50% ICE BofA Contingent Capital Index EUR Hedged (Total Return) ; 50% ICE BofA Euro Financial Subordinated & Lower Tier-2 Index (Total Return)

", 50% ICE BofA Contingent Capital Index EUR Hedged (Total Return) et 50% ICE BofA Euro Financial Subordinated & Lower Tier-2 Index (Total Return),True,True,True,True
264,Quelle est la méthodologie utilisée pour calculer la commission de surperformance ?,Claw Back 5Y, Claw Back 5Y,True,True,True,True
265,Quel est le taux de provisionnement appliqué à la commission de surperformance de la classe I ?,20 %, 20%,True,True,True,True
266,"Quelle est l’heure limite pour effectuer une souscription, un rachat ou une conversion ?",J à 12h00 (heure de Luxembourg), J à 12h00 (heure de Luxembourg),True,True,True,True
267,À quelle date correspond la valeur nette d’inventaire utilisée pour les opérations ?,J, J,True,True,True,True
268,"Quand a lieu l’évaluation des ordres de souscription, de rachat ou de conversion ?",J+1, J+1,True,True,True,True
269,À quelle date les paiements sont-ils effectués après une opération ?,J+3, J+3,True,True,True,True
270,Vrai / Faux : La valeur nette d’inventaire est calculée uniquement une fois par semaine.,Faux, Faux,True,True,True,True
271,Vrai / Faux : Les paiements liés aux opérations de souscription ou de rachat ont lieu trois jours après la date de l’opération.,Vrai, Vrai,True,True,True,True
272,Quelles sont les classes disposant d’un taux de provisionnement de 20% ?,Toutes les classes, Toutes les classes listées dans le tableau ont un taux de provisionnement de 20%.,True,True,True,True
273,Quelle classe utilise la méthodologie « High Water Mark 5Y » ?,Toutes les classes," Toutes les classes listées dans la colonne ""Classe"" utilisent la méthodologie « High Water Mark 5Y ».",True,True,True,True
274,"La classe ""Classique"" en EUR avec l’ISIN LU0151324422 est-elle la seule classe avec un taux de provisionnement de 20% ?",Non, Oui,False,False,False,False
275,"Quels sont les indices de référence utilisés pour calculer le taux de rendement minimal pour les classes Classique-H, I-H et R-H en Francs Suisse ?",SARON capitalisé (flooré à 0), SARON capitalized (floore à 0),True,True,True,True
276,Quelles sont les classes disponibles en devise CHF ?,Classique-H ; I-H ; R-H," Classique-H, I-H, R-H",True,True,True,True
277,Quelle est la devise de la classe R-H dont l'ISIN est LU1184245659 ?,CHF, CHF,True,True,True,True
278,"La classe R-H dont l'ISIN est LU2069305865 utilise-t-elle une méthodologie spécifique comme le ""High Water Mark"" ?",Oui, Non,False,False,False,False
279,Quel est le taux de commission de surperformance pour les classes listées ?,0.2, 20%,True,True,True,True
280,Quelle méthodologie est utilisée pour le calcul de la surperformance ?,Claw Back 5Y, Claw Back 5Y,True,True,True,True
281,Quelle est la classe en devise GBP concernée par la surperformance ?,I, I,True,True,True,True
282,Sur quels indices de référence se basent toutes les classes ?,"Tous les benchmarks sont basés sur le J.P. Morgan GBI-EM Global Diversified (Total Return), avec adaptation selon la devise (USD, EUR, EUR Hedged, GBP).", J.P. Morgan GBI-EM Global Diversified (Total Return),True,True,True,True
283,Combien d’ISIN différents sont listés dans ce tableau ?,8, 7,False,False,False,False
284,Combien de monnaies différentes sont mentionnées dans le tableau relatif à la surperformance ?,3, 3,True,True,True,True
285,Quelle est la méthode utilisée pour calculer la commission de surperformance de la classe V en EUR ?,Claw Back 5Y, Claw Back 5Y,True,True,True,True
286,Quel est le taux de provisionnement de la classe a classe d’action V en CHF ?,0.2, 20%,True,True,True,True
287,Quel est le benchmark utilisé pour la classe V en EUR ?,ICE BofA BB-B Global High Yield Non-Financial Constrained Index EUR Hedged (Total Return), ICE BofA BB-B Global High Yield Non-Financial Constrained Index EUR Hedged (Total Return),True,True,True,True
288,Quel est le benchmark utilisé pour la classe V en CHF ?,ICE BofA BB-B Global High Yield Non-Financial Constrained Index CHF Hedged (Total Return), ICE BofA BB-B Global High Yield Non-Financial Constrained Index CHF Hedged (Total Return),True,True,True,True
289,Est-ce que toutes les classes d’actions ont un taux de provisionnement indiqué ?,Oui, Non,False,False,False,False
290,L’OPCVM peut-il détenir des parts d’OPCVM de droit français ?,Oui, Oui,True,True,True,True
291,Quel est le pourcentage maximum de détention autorisé en parts d’OPCVM / FIA / fonds d’investissement ?,10 % de l’actif net, 10%,True,True,True,True
292,L’OPCVM peut-il investir dans des fonds d’investissement de droit étranger ?,Oui," Oui, à condition qu'ils répondent aux conditions de l'article R. 214-13 du Code monétaire et financier, et dans la limite de 10% de l'actif net.",True,True,False,True
293,Est-ce que les FIA européens sont éligibles à la détention par l’OPCVM ?,Oui, Oui,True,True,True,True
294,Quel est le règlement européen qui encadre les fonds monétaires dans l’Union européenne est cité ici ?,règlement européen (UE) 2017/1131, Règlement européen (UE) 2017/1131,True,True,True,True
295,"Quel est le pourcentage maximum de l’actif net que l’OPCVM peut investir dans des fonds à la classification ""monétaires"" ?",10 % de l’actif net, 10%,True,True,True,True
296,Quels types de risques sont mentionnés en rapport à l'utilisation des instruments ?,Actions ; Taux ; Change ; Crédit ; Autre(s) risque(s)," Change, Taux, Crédit, Autre(s) risque(s)",False,True,False,False
297,Quelles stratégies d’intervention sont mentionnées dans ce tableau ?,Couverture ; Exposition ; Arbitrage ; Autre(s) stratégie(s)," Couverture, Exposition, Arbitrage, Autre(s) stratégie(s)",True,True,True,True
298,Quels types d’instruments dérivés sont effectivement utilisés selon le tableau ( les cases en noir signifient que l'instrument n'est pas utilisé) ?,Contrats à terme (futures) sur Actions; Contrats à terme (futures) sur Indices ; Options sur actions ; Options sur indices,"  
- Contrats à terme (futures) sur : Actions, Taux, Indices  
- Options sur : Actions, Taux, Indices  
- Swaps : Taux, Change  
- Change à terme : Devises  
- Dérivés de crédit : Credit Default Swap (CDS), First",False,False,False,False
299,Pour quel type de risque les options sur actions sont-elles utilisées dans la stratégie de gestion ?,Actions," Change, Autre(s) risque(s), Couverture, Exposition, Arbitrage, Autre(s) stratégie(s)",False,False,False,False
300,Les dérivés de crédit comme les Credit Default Swaps (CDS) sont-ils utilisés ?,Non," Oui, les Credit Default Swaps (CDS) sont utilisés, comme indiqué par les cases grises dans les colonnes ""Marchés organisés"" et ""Autre(s) risque(s)"" du tableau.",False,False,False,False
301,"Les obligations convertibles sont-elles utilisées dans la stratégie de gestion du risque de crédit, selon le tableau ?",Non, Non,True,True,True,True
302,Les obligations convertibles sont-elles utilisées pour des stratégies d’arbitrage ?,Non, Non,True,True,True,True
303,Les bons de souscription sont-ils utilisés pour les interventions de type couverture ?,Oui, Oui,True,True,True,True
304,Les produits de taux putables sont-ils mobilisés dans une quelconque stratégie d'intervention selon le tableau ?,Non, Non,True,True,True,True
305,Les EMTN structurés sont-ils utilisés pour intervenir sur le risque de taux ou d’actions ?,Non," Non, les EMTN structurés ne sont pas utilisés pour intervenir sur le risque de taux ou d’actions.",True,True,True,True
306,"D'après le tableau, le prospectus est-il disponible en ligne ?",Oui, Oui,True,True,True,True
307,Les annonces de dividendes sont-elles publiées dans les médias ?,Non, Non,True,True,True,True
308,Un ajustement du swing pricing supérieur à 2 % est-il publié dans les médias ?,Non, Non,True,True,True,True
309,Où peut-on consulter les politiques et procédures relatives à la gestion des réclamations et une description des fonctions actuelles du dépositaire et des conflits d’intérêts ?,Bureaux, En ligne,False,False,False,False
310,Les politiques essentielles (comme les conflits d’intérêts ou la rémunération) sont-elles consultables en ligne ?,Oui, Oui,True,True,True,True
311,La valeur liquidative (VL) quotidienne des compartiments non monétaires est-elle accessible en ligne ?,Oui, Oui,True,True,True,True
312,Le FCP peut-il investir plus de 20 % de son actif en parts ou actions d’OPCVM/FIA ?,Oui," Non, l'utilisation d'actions ou parts d'OPCVM/FIA/Fonds d'investissements pourra être supérieure à 20 % de l'actif uniquement si les conditions spécifiques mentionnées dans le tableau sont remplies. Pour les OPCVM de droit français",False,False,False,False
313,Les OPCVM de droit français sont-ils autorisés dans le portefeuille ?,Oui, Non,False,False,False,False
314,Les fonds professionnels spécialisés peuvent-ils être utilisés ?,Non, X (non),True,True,True,True
315,Les OPCVM nourriciers sont-ils autorisés dans le portefeuille ?,Non, Oui,False,False,False,False
316,Des instruments dérivés peuvent-ils être utilisés à 100 % de l’actif net ?,Oui," Oui, le FCP pourra utiliser les instruments dérivés dans la limite de 100 % de l’actif net.",True,True,True,True
317,Quelle est la proportion attendue de TRS pendant la période de commercialisation ?,1, 100%,True,True,True,True
318,Quelle est la proportion attendue de TRS après la période de commercialisation ?,"0%, elle pourra être portée à 70%", 100%,False,False,False,False
319,Quelle est la date d’agrément du FCP par l'AMF ?,2024-10-12T00:00:00, 10-12-2024,True,True,True,True
320,Quel est le taux maximum de frais de gestion financière applicable à ce Fonds ?,"2,25 % TTC"," 2,25 % TTC",True,True,True,True
321,Les commissions de surperformance sont-elles facturées à ce Fonds ?,Non," Non, les commissions de surperformance ne sont pas facturées à ce Fonds.",True,True,True,True
322,Des commissions de mouvement sont-elles applicables ?,Non," Non, les commissions de mouvement sont indiquées comme ""Néant"" dans le tableau.",True,True,True,True
323,Quel est le taux maximum des frais de fonctionnement et autres services ?,"0,25 % TTC"," 0,25 % TTC",True,True,True,True
324,Quels types de frais sont exclus des frais opérationnels ?,En sont exclus tous frais relatifs à l’acquisition et à la cession des actifs de l’OPC et les frais relatifs au contrôle des risques, Les frais relatifs à l’acquisition et à la cession des actifs de l’OPC et les frais relatifs au contrôle des risques.,True,True,True,True
325,Quelle est l’assiette utilisée pour le calcul des frais de fonctionnement et autres services ?,Valeur Liquidative de Référence x Nombre de parts, Valeur Liquidative de Référence x Nombre de parts,True,True,True,True
326,Quelles sont les catégories d’actions présentées dans ce tableau ?,1C ; 1D ; 2C-USD Hedged ; 3C-GBP Hedged," « 1C », « 1D », « 2C-USD Hedged », « 3C-GBP Hedged »",True,True,True,True
327,Quelle est la devise de dénomination de la catégorie d'actions 2C-USD Hedged ?,USD, USD,True,True,True,True
328,Quelle est la commission globale maximale pour les catégories 2C et 3C ?,"Jusqu’à 0,30 % par an"," 0,30 % par an",True,True,True,True
329,Quelle catégorie d'actions peut verser un dividende ?,1D, « 1D »,True,True,True,True
330,Quel est le montant minimum de souscription initiale de la catégorie d'actions 2C-USD Hedged ?,20000 actions, 20 000 Actions,True,True,True,True
331,Y a-t-il des frais de transaction sur le marché primaire pour la catégorie 1D ?,Oui, Applicables,True,True,False,True
332,Qui prend en charge les taxes sur les transactions financières pour la catégorie 1C ?,Le compartiment, Le Compartiment prend en charge toute taxe applicable aux transactions financières qui lui serait imputée.,True,True,True,True
333,Comment la commission de la Société de Gestion est-elle calculée pour les catégories d’actions du tableau présenté,correspond à un pourcentage maximum calculé chaque Jour d’évaluation sur la base de la Valeur Liquidative de la Catégorie d’Actions concernée.," La Commission de la Société de Gestion est calculée chaque Jour d’évaluation sur la base de la Valeur Liquidative de la Catégorie d’Actions concernée, en tant que pourcentage maximum.",True,True,True,True
334,Quel est le niveau anticipé d’Écart de suivi (Tracking Error) pour la catégorie d’actions 1D ?,Jusqu’à 1 %, Jusqu'à 1 %,True,True,True,True
335,"Quel est l’objectif d’investissement de ce compartiment ?

",L’objectif est que votre investissement reflète la performance de l’indice FTSE 100 Index (l’« Indice de Référence ») dont le but est de refléter la performance des actions des 100 plus grandes sociétés britanniques cotées à la bourse de Londres. Les sociétés sont sélectionnées selon qu’elles ont la plus grande valeur combinée d’actions par rapport aux autres sociétés cotées à la bourse de Londres., L'objectif est que votre investissement reflète la performance de l'indice FTSE 100 Index (l'« Indice de Référence ») dont le but est de refléter la performance des actions des 100 plus grandes sociétés britanniques cotées à la,True,True,True,True
336,Quelle méthode de gestion est utilisée par le compartiment Xtrackers FTSE 100 Income UCITS ETF ?,Le Compartiment est géré de manière passive conformément à une Politique d’Investissement Direct et est un Compartiment à Réplication totale, Gestion passive,True,True,True,True
337,Quel type de politique de distribution est prévu pour ce compartiment ?,"Le Compartiment peut distribuer des dividendes jusqu’à quatre fois par an à l’égard de la/des Catégorie(s) d’Actions D. Le Conseil d’Administration peut toutefois décider, pour des raisons économiques ou d’autres raisons impérieuses, de ne distribuer ni acompte sur dividendes ni de proposer d’approbation du versement d’un dividende par l’assemblée générale annuelle de la Société."," Le Compartiment peut distribuer des dividendes jusqu’à quatre fois par an à l’égard de la/ des Catégorie(s) d’Actions D. Le Conseil d’Administration peut toutefois décider, pour des raisons économiques ou d’autres raisons impérieuses, de ne",True,True,True,True
338,Quelles sont les restrictions d’investissement spécifiques appliquées ?,Le Compartiment n’investira pas plus de 10 % de ses actifs en parts ou actions d’autres OPCVM ou d’autres OPC," Le Compartiment n’investira pas plus de 10 % de ses actifs en parts ou actions d’autres OPCVM ou d’autres OPC, afin de demeurer dans les investissements éligibles à l’actif des OPCVM régis par la Directive sur les OPCVM.",True,True,True,True
339,Le compartiment Xtrackers FTSE 100 Income UCITS ETF offre-t-il une protection sur le capital investi ?,Non," Non, le compartiment ne garantit ni le capital investi ni le montant qu’il représente.",True,True,True,True
340,Quel indice est utilisé par le compartiment Xtrackers Xtrackers S&P 500 2x Inverse Daily Swap UCITS ETF ?,S&P 500 2x Inverse Daily Index, S&P 500 2x Inverse Daily Index,True,True,True,True
341,Quel compartiment utilise l'indice S&P Select Frontier Index ?,Xtrackers S&P Select Frontier Swap UCITS ETF, Xtrackers S&P Select Frontier Swap UCITS ETF,True,True,True,True
342,Quel est l’administrateur de l’indice CAC 40 utilisé par Xtrackers CAC 40 UCITS ETF ?,Euronext Paris , Euronext Paris,True,True,True,True
343,Quelle est l’autorité de surveillance compétente pour l’administrateur des indices S&P Dow Jones ?,Autorité néerlandaise de surveillance des marchés financiers (AFM) – NLAF, Autorité compétente : Autorité néerlandaise de surveillance des marchés financiers (AFM) – NLAFF,False,False,False,False
344,Quelle est la date de lancement du compartiment ?,14 mai 2008, 14 mai 2008,True,True,True,True
345,Quels sont les frais de souscription maximum pour la classe D (perf) ?,"5,00%"," 5,00%",True,True,True,True
346,Quelle est l’heure limite pour que les ordres soient traités le jour même ?,avant 14 h 30 (CET) chaque Jour de valorisation, 14 h 30,False,True,False,False
347,Quelles classes n’appliquent aucune commission de performance ?,X," A (perf), C (perf), D (perf), I (perf), T (perf)",False,False,False,False
348,Quelle classe applique une commission de rachat ?,A (perf) ; D (perf), Classe I (perf),False,False,False,False
349,Le fonds Emerging Markets Sustainable Blended Debt Fund est-il exposé au risque lié à la notation de crédit en Chine ?,Oui, Oui,True,True,True,True
350,Quels fonds sont exposés au risque lié à la fiscalité chinoise ?,Emerging Markets Sustainable Blended Debt Fund ; Global Dynamic Fund ; Global Environment Fund ; Global Equity Fund ; Global Franchise Fund ; Global Income Opportunities Fund ; Global Multi-Asset Income Fund ; Global Multi-Asset Sustainable Growth Fund (Euro) ; Global Multi-Asset Sustainable Growth Fund ; Global Macro Allocation Fund," Emerging Markets Sustainable Blended Debt Fund, Global Dynamic Fund, Global Environment Fund, Global Equity Fund, Global Franchise Fund, Global Gold Fund, Global High Yield Fund, Global Income Opportunities Fund, Global Multi-Asset Income Fund, Global Multi-Asset Sustainable Growth Fund (Euro), Global Multi-Asset Sustainable Growth Fund,",False,False,False,False
351,Combien de fonds sont exposés au risque  lié à la fiscalité chinoise ?,10, 10,True,True,True,True
352,Le fonds European Equity Fund est-il exposé à un quelconque risque mentionné dans le tableau ?,Oui, Non,False,False,False,False
353,Le compartiment Global Multi-Asset Income Fund Global Multi-Asset est-il exposé au risque lié à aux positions à découvert ?,Oui, Oui,True,True,True,True
354,Combien de compartiments sont exposés au risque d'effet de levier ?,7, 3,False,False,False,False
355,Quels sont les compartiments exposés au risque d'effet de levier ?,Emerging Markets Sustainable Blended Debt Fund ; Global High Yield Fund ; Global Income Opportunities Fund ; Global Multi-Asset Income Fund ; Global Multi-Asset Sustainable Growth Fund (Euro) ; Global Multi-Asset Sustainable Growth Fund ; Global Macro Allocation Fund ," Global Dynamic Fund, Global Environment Fund, Global Equity Fund, Global Franchise Fund, Global Gold Fund, Global High Yield Fund, Global Income Opportunities Fund, Global Multi-Asset Income Fund, Global Multi-Asset Sustainable Growth Fund (Euro), Global Multi-Asset Sustainable Growth Fund, Global Macro Allocation Fund",False,False,False,False
356,Quel compartiment présente le niveau d’effet de levier attendu le plus élevé ?,Target Return Bond Fund, Target Return Bond Fund,True,True,True,True
357,Quel est le niveau d’effet de levier attendu pour le compartiment Global High Yield Fund ?,1, 100 %,True,True,True,True
358,Le compartiment Global Total Return Credit Fund utilise-t-il la méthode d’engagements pour l’exposition globale ?,Non, Non,True,True,True,True
359,Quels compartiments utilisent la méthode VaR absolue ?,Global Total Return Credit Fund ; Target Return Bond Fund ; Emerging Markets Local Currency Total Return Debt Fund," Global Total Return Credit Fund, Target Return Bond Fund, Global High Yield Fund, Emerging Markets Local Currency Total Return Debt Fund",False,False,False,False
360,Le compartiment Emerging Markets Hard Currency Debt Fund a-t-il un niveau d’effet de levier supérieur à celui du Emerging Markets Corporate Debt Fund ?,Non, Non,True,True,True,True
361,Le compartiment Emerging Markets Hard Currency Debt Fund a-t-il un niveau d’effet de levier égal à celui du Emerging Markets Corporate Debt Fund ?,Yes, Oui,True,True,True,True
362,Quels compartiments n’ont pas de portefeuille de référence indiqué ?,U.S. Dollar Money Fund ; Sterling Money Fund ; Global Total Return Credit Fund ; Target Return Bond Fund," U.S. Dollar Money Fund, Sterling Money Fund, Global Total Return Credit Fund, Target Return Bond Fund, Emerging Markets Local Currency Total Return Debt Fund",False,False,False,False
363,Quel est le portefeuille de référence utilisé pour le compartiment Emerging Markets Blended Debt Fund  ?,Indice JP Morgan JEMB Hard Currency/Local Currency 50-50, Indice JP Morgan JEMBI Hard Currency/Local Currency 50-50,False,False,False,False
364,Quelle est la catégorie du Asia Pacific Equity Income Fund qui a la commission de distribution la plus élevée ?,C, Catégorie C,True,True,True,True
365,Quelle est la catégorie avec la commission de distribution la plus élevée pour le fonds Asian High Yield Bond Fund ?,Catégorie C, Catégorie C,True,True,True,True
366,Vrai / Faux : La catégorie J a une commission de gestion de 0 % dans les deux fonds.,Vrai, Faux,False,False,False,False
367,Vrai / Faux : La catégorie D a une commission de gestion plus élevée que la catégorie C dans le Asian High Yield Bond Fund.,Faux, Faux,True,True,True,True
368,Oui /Non Est-ce que la catégorie D du Asian High Yield Bond Fund applique une commission de gestion de moins de 1 % ?,Oui, Oui,True,True,True,True
